,base_market,quote_market,hedge_ratio,half_life
0,XTZ-USD,ADA-USD,2.4213663445921707,7.0
1,XTZ-USD,BTC-USD,3.304476591531368e-05,7.0
2,LINK-USD,AVAX-USD,0.4459133340278414,8.0
3,MKR-USD,ADA-USD,1702.5238571958703,6.0
4,FIL-USD,CRV-USD,5.389838034372904,8.0
5,COMP-USD,DOT-USD,6.596383099519519,10.0
6,XMR-USD,ADA-USD,412.11853266774256,9.0
7,ADA-USD,BTC-USD,1.3646717007068953e-05,8.0
8,ADA-USD,CRV-USD,0.44294179119988125,6.0
